Size-Vector Network.queue1 (#0 - General-0-20240516-22:33:41-4607),
34.423036925743,1
34.423036925743,0
