Size-Vector Network.queue1 (#0 - General-0-20240516-22:40:29-5203),
18.180527450457,1
18.180527450457,0
